{
    "baseline": {
        "exact_match": 0.0,
        "bleu": 0.23624103529758655,
        "rouge1": 0.6773604590505999,
        "rouge2": 0.576723759332455,
        "rougeL": 0.6773604590505999,
        "rougeLsum": 0.6030255607720397
    },
    "LoRA_r4_lr2e-5": {
        "exact_match": 0.0,
        "bleu": 0.3176995871833435,
        "rouge1": 0.7415004748338081,
        "rouge2": 0.6718518518518519,
        "rougeL": 0.7415004748338081,
        "rougeLsum": 0.6716049382716048
    },
    "LoRA_r8_lr2e-5": {
        "exact_match": 0.0,
        "bleu": 0.19810260033819865,
        "rouge1": 0.3742690058479532,
        "rouge2": 0.30548730548730546,
        "rougeL": 0.3742690058479532,
        "rougeLsum": 0.3011695906432749
    },
    "LoRA_r16_lr2e-5": {
        "exact_match": 0.0,
        "bleu": 0.43839796173791473,
        "rouge1": 0.707312440645774,
        "rouge2": 0.5941312741312742,
        "rougeL": 0.6731244064577399,
        "rougeLsum": 0.5963912630579297
    }
}