{
    "baseline": {
        "exact_match": 0.0,
        "bleu": 0.20260973421301845,
        "rouge1": 0.42817003643584917,
        "rouge2": 0.2836188328191608,
        "rougeL": 0.39174714923338966,
        "rougeLsum": 0.3965034528209719
    },
    "LoRA_r4_lr2e-5": {
        "exact_match": 0.0,
        "bleu": 0.1703651546218255,
        "rouge1": 0.359042863826917,
        "rouge2": 0.22679919055677825,
        "rougeL": 0.32373619994859426,
        "rougeLsum": 0.337212750124411
    },
    "LoRA_r8_lr2e-5": {
        "exact_match": 0.0,
        "bleu": 0.16999255148271375,
        "rouge1": 0.5166256437763941,
        "rouge2": 0.32886561619910004,
        "rougeL": 0.48061971937425285,
        "rougeLsum": 0.49163463398011803
    },
    "LoRA_r16_lr2e-5": {
        "exact_match": 0.0,
        "bleu": 0.21858850873596697,
        "rouge1": 0.46731879806708343,
        "rouge2": 0.328263050423793,
        "rougeL": 0.44535693899332207,
        "rougeLsum": 0.41952085889659524
    }
}