{
    "epoch": 2.8,
    "total_flos": 266075698673664.0,
    "train_loss": 1.7028666867150202,
    "train_perplexity": 5.489661997658066,
    "train_runtime": 157.1222,
    "train_samples_per_second": 1.909,
    "train_steps_per_second": 0.229
}